{"autoplayTransitionDelay":5,"author":"","timestamp":"2017-9-6 6:3:0","loopSlideshow":0,"filename":"Untitled 6","autoplayBuildDelay":2,"comment":"","title":"Untitled 6","showMode":0,"creator":"Apple Keynote 7.0.5","slideList":["615F7CD4-E262-41F7-8138-806EC6AB1FAB","255A0D4D-1683-423A-B9FF-D1DFB2486F35","835BD1B2-BFD4-4F00-A559-D0A948B61F08","2F5CFBDA-8C87-46A0-B7A8-258EDB93683F"],"soundtrack":{"mode":0,"volume":1},"slideWidth":1024,"slideHeight":768,"slideCount":4,"majorVersion":1,"minorVersion":2,"fonts":["Helvetica-Bold","GillSans","HelveticaNeue","Helvetica-Light","Helvetica-LightOblique","Helvetica"]}